{
    "analyticsSelectorOptions": {
        "contentHeight": 0,
        "contentMaximized": false
    },
    "battleListsOptions": {
        "0": {
            "battleListFilters": [
            ],
            "battleListSortOrder": [
                "byAgeAscending",
                "byAgeAscending"
            ],
            "contentHeight": 146,
            "contentMaximized": false,
            "isPartyView": false,
            "isPrimary": true,
            "name": "",
            "showFilters": false
        },
        "253": {
            "battleListFilters": [
            ],
            "battleListSortOrder": [
                "byAgeAscending",
                "byAgeAscending"
            ],
            "contentHeight": 38,
            "contentMaximized": true,
            "isPartyView": true,
            "isPrimary": false,
            "name": "",
            "showFilters": false
        }
    },
    "bestiaryTrackerWidgetOptions": {
        "contentHeight": 122,
        "contentMaximized": true,
        "sortKey": "name",
        "sortOrder": "ascending"
    },
    "bossTrackerWidgetOptions": {
        "contentHeight": 45,
        "contentMaximized": true,
        "sortKey": "remainingCooldown"
    },
    "bosstiaryTrackerWidgetOptions": {
        "contentHeight": 0,
        "contentMaximized": true,
        "sortKey": "name",
        "sortOrder": "ascending"
    },
    "containersOptions": {
        "1": {
            "contentHeight": 114,
            "contentMaximized": true
        },
        "2": {
            "contentHeight": 100,
            "contentMaximized": true
        }
    },
    "damageInputAnalyserWidgetOptions": {
        "contentHeight": 0,
        "contentMaximized": true
    },
    "deoptSearchWidgetOptions": {
        "contentHeight": 279,
        "contentMaximized": true,
        "showLockerOnly": true
    },
    "huntingSessionAnalyserWidgetOptions": {
        "contentHeight": 200,
        "contentMaximized": true
    },
    "imbuementTrackerWidgetOptions": {
        "contentHeight": 0,
        "contentMaximized": true,
        "showAlmostGone": true,
        "showAlmostNew": true,
        "showEmptySlots": true,
        "showUsed": true
    },
    "impactAnalyserWidgetOptions": {
        "contentHeight": 0,
        "contentMaximized": true
    },
    "lootAnalyserWidgetOptions": {
        "contentHeight": 154,
        "contentMaximized": false
    },
    "lootTrackerWidgetOptions": {
        "contentHeight": 72,
        "contentMaximized": true
    },
    "npcTradeOptions": {
        "allowLargeTradesWithoutWarning": true,
        "allowSellingEquippedItems": false,
        "contentHeight": 730,
        "contentMaximized": true,
        "ignoreCapacityWhenBuying": false,
        "purchaseShoppingBagWhenBuying": false,
        "showNameFilter": true,
        "sortFieldWhenBuying": "name",
        "sortFieldWhenSelling": "amount"
    },
    "partyHuntAnalyserOptions": {
        "contentHeight": 163,
        "contentMaximized": false
    },
    "preyWidgetOptions": {
        "contentHeight": 0,
        "contentMaximized": true
    },
    "questTrackerWidgetOptions": {
        "contentHeight": 333,
        "contentMaximized": true
    },
    "sidebarPanelsMangerOptions": {
        "panelsOrder": [
            "minimap",
            "hitpointManabar",
            "inventoryStatus",
            "buttons"
        ]
    },
    "sidebarPanelsOptions": {
        "chaseModeEnabled": false,
        "combatMode": 3,
        "controlButtonsVisible": true,
        "minimapZoomLevel": 0,
        "minimizeInventory": false
    },
    "sidebarWidgetsMangerOptions": {
        "leftSidebarCount": 1,
        "openWidgetsOrderPerSidebar": [
            [
                {
                    "instance": 0,
                    "type": "container"
                },
                {
                    "instance": 2,
                    "type": "container"
                },
                {
                    "instance": 1,
                    "type": "container"
                }
            ],
            [
                {
                    "type": "partyHuntAnalyser"
                },
                {
                    "type": "lootTracker"
                },
                {
                    "instance": 0,
                    "type": "battleList"
                },
                {
                    "type": "analyticsSelector"
                },
                {
                    "type": "questTracker"
                }
            ],
            [
                {
                    "type": "skills"
                },
                {
                    "type": "vip"
                },
                {
                    "type": "bestiaryTracker"
                }
            ]
        ]
    },
    "skillsWidgetOptions": {
        "contentHeight": 453,
        "contentMaximized": true,
        "invisibleProgressBars": [
        ]
    },
    "spellListWidgetOptions": {
        "contentHeight": 354,
        "contentMaximized": true,
        "showAttackSpellGroup": true,
        "showDruidSpells": true,
        "showFreeSpells": true,
        "showHealingSpellGroup": true,
        "showKnightSpells": true,
        "showOnlyCurrentLevel": false,
        "showOnlyCurrentVocation": true,
        "showPaladinSpells": true,
        "showPremiumOnlySpells": true,
        "showSorcererSpells": true,
        "showSupportSpellGroup": true,
        "showUnkownSpells": false
    },
    "supplyAnalyserWidgetOptions": {
        "contentHeight": 0,
        "contentMaximized": true
    },
    "unjustifiedPointsOptions": {
        "contentHeight": 0,
        "contentMaximized": true
    },
    "vipWidgetOptions": {
        "contentHeight": 62,
        "contentMaximized": true,
        "hideOfflineVips": true,
        "showGrouped": false,
        "vipSortOrder": [
        ]
    },
    "xpAnalyserWidgetOptions": {
        "contentHeight": 0,
        "contentMaximized": true
    }
}
