{
    "customSalePrices": {
    },
    "primaryLootValueSources": {
        "10295": "market",
        "10296": "market",
        "10456": "market",
        "11466": "market",
        "12601": "market",
        "14000": "market",
        "20200": "market",
        "22195": "market",
        "3048": "market",
        "3081": "market",
        "31575": "market",
        "5879": "market",
        "5890": "market",
        "5893": "market",
        "5902": "market",
        "5906": "market",
        "9633": "market",
        "9635": "market",
        "9663": "market",
        "9685": "market"
    }
}
