{
    "analyticsSelectorOptions": {
        "contentHeight": 0,
        "contentMaximized": true
    },
    "battleListsOptions": {
        "0": {
            "battleListFilters": [
            ],
            "battleListSortOrder": [
                "byAgeAscending"
            ],
            "contentHeight": 38,
            "contentMaximized": true,
            "isPartyView": false,
            "isPrimary": true,
            "name": "",
            "showFilters": false
        },
        "253": {
            "battleListFilters": [
            ],
            "battleListSortOrder": [
                "byAgeAscending"
            ],
            "contentHeight": 38,
            "contentMaximized": true,
            "isPartyView": true,
            "isPrimary": false,
            "name": "",
            "showFilters": false
        }
    },
    "bestiaryTrackerWidgetOptions": {
        "contentHeight": 0,
        "contentMaximized": true,
        "sortKey": "name",
        "sortOrder": "ascending"
    },
    "bossTrackerWidgetOptions": {
        "contentHeight": 0,
        "contentMaximized": true,
        "sortKey": "remainingCooldown"
    },
    "containersOptions": {
    },
    "damageInputAnalyserWidgetOptions": {
        "contentHeight": 0,
        "contentMaximized": true
    },
    "deoptSearchWidgetOptions": {
        "contentHeight": 0,
        "contentMaximized": true,
        "showLockerOnly": false
    },
    "huntingSessionAnalyserWidgetOptions": {
        "contentHeight": 0,
        "contentMaximized": true
    },
    "impactAnalyserWidgetOptions": {
        "contentHeight": 0,
        "contentMaximized": true
    },
    "lootAnalyserWidgetOptions": {
        "contentHeight": 0,
        "contentMaximized": true
    },
    "lootTrackerWidgetOptions": {
        "contentHeight": 0,
        "contentMaximized": true
    },
    "npcTradeOptions": {
        "allowLargeTradesWithoutWarning": false,
        "allowSellingEquippedItems": false,
        "contentHeight": 0,
        "contentMaximized": true,
        "ignoreCapacityWhenBuying": false,
        "purchaseShoppingBagWhenBuying": false,
        "showNameFilter": true,
        "sortFieldWhenBuying": "name",
        "sortFieldWhenSelling": "amount"
    },
    "partyHuntAnalyserOptions": {
        "contentHeight": 0,
        "contentMaximized": true
    },
    "preyWidgetOptions": {
        "contentHeight": 0,
        "contentMaximized": true
    },
    "questTrackerWidgetOptions": {
        "contentHeight": 0,
        "contentMaximized": true
    },
    "sidebarPanelsMangerOptions": {
        "panelsOrder": [
        ]
    },
    "sidebarPanelsOptions": {
        "chaseModeEnabled": true,
        "combatMode": 2,
        "controlButtonsVisible": true,
        "minimapZoomLevel": 0,
        "minimizeInventory": false
    },
    "sidebarWidgetsMangerOptions": {
        "leftSidebarCount": 0,
        "openWidgetsOrderPerSidebar": [
            [
                {
                    "instance": 0,
                    "type": "battleList"
                },
                {
                    "instance": 1,
                    "type": "container"
                },
                {
                    "instance": 0,
                    "type": "container"
                }
            ]
        ]
    },
    "skillsWidgetOptions": {
        "contentHeight": 38,
        "contentMaximized": true,
        "invisibleProgressBars": [
        ]
    },
    "spellListWidgetOptions": {
        "contentHeight": 0,
        "contentMaximized": true,
        "showAttackSpellGroup": true,
        "showDruidSpells": true,
        "showFreeSpells": true,
        "showHealingSpellGroup": true,
        "showKnightSpells": true,
        "showOnlyCurrentLevel": false,
        "showOnlyCurrentVocation": false,
        "showPaladinSpells": true,
        "showPremiumOnlySpells": true,
        "showSorcererSpells": true,
        "showSupportSpellGroup": true,
        "showUnkownSpells": false
    },
    "supplyAnalyserWidgetOptions": {
        "contentHeight": 0,
        "contentMaximized": true
    },
    "tournamentLeaderboardWidgetOptions": {
        "contentHeight": 0,
        "contentMaximized": true,
        "displayRange": "ownRank"
    },
    "unjustifiedPointsOptions": {
        "contentHeight": 0,
        "contentMaximized": true
    },
    "vipWidgetOptions": {
        "contentHeight": 0,
        "contentMaximized": true,
        "hideOfflineVips": false,
        "showGrouped": false,
        "vipSortOrder": [
        ]
    },
    "xpAnalyserWidgetOptions": {
        "contentHeight": 0,
        "contentMaximized": true
    }
}
